{ "_id" : { "$oid" : "5a791725dd573c3574ee333f" }, "_class" : "com.xuecheng.framework.domain.cms.CmsConfig", "name" : "轮播图", "model" : [ { "key" : "banner1", "name" : "轮播图1地址", "value" : "http://192.168.101.64/group1/M00/00/01/wKhlQFp5wnCAG-kAAATMXxpSaMg864.png" }, { "key" : "banner2", "name" : "轮播图2地址", "value" : "http://192.168.101.64/group1/M00/00/01/wKhlQVp5wqyALcrGAAGUeHA3nvU867.jpg" }, { "key" : "banner3", "name" : "轮播图3地址", "value" : "http://192.168.101.64/group1/M00/00/01/wKhlQFp5wtWAWNY2AAIkOHlpWcs395.jpg" } ] }
{ "_id" : { "$oid" : "5a795d82dd573c3574ee3360" }, "_class" : "com.xuecheng.framework.domain.cms.CmsConfig", "name" : "精品推荐", "model" : [ { "key" : "course1", "name" : "精品课程1", "url" : "http://localhost:8084/category/list", "mapValue" : { "isshow" : null, "children" : [ { "isshow" : "1", "children" : [ { "isshow" : "1", "children" : [ { "isshow" : "1", "children" : null, "name" : "HTML/CSS", "orderby" : "1-1-1", "id" : "1-1-1", "label" : "HTML/CSS", "isleaf" : "1", "parentid" : null }, { "isshow" : "1", "children" : null, "name" : "JavaScript", "orderby" : "1-1-2", "id" : "1-1-2", "label" : "JavaScript", "isleaf" : "1", "parentid" : null }, { "isshow" : "1", "children" : null, "name" : "jQuery", "orderby" : "1-1-3", "id" : "1-1-3", "label" : "jQuery", "isleaf" : "1", "parentid" : null } ], "name" : "前端开发", "orderby" : "1-1", "id" : "1-1", "label" : "前端开发", "isleaf" : "0", "parentid" : null }, { "isshow" : "1", "children" : [ { "isshow" : "1", "children" : null, "name" : "微信开发", "orderby" : "1-2-1", "id" : "1-2-1", "label" : "微信开发", "isleaf" : "1", "parentid" : null }, { "isshow" : "1", "children" : null, "name" : "iOS", "orderby" : "1-2-2", "id" : "1-2-2", "label" : "iOS", "isleaf" : "1", "parentid" : null } ], "name" : "移动开发", "orderby" : "1-2", "id" : "1-2", "label" : "移动开发", "isleaf" : "0", "parentid" : null }, { "isshow" : "1", "children" : [  ], "name" : "编程开发", "orderby" : "1-3", "id" : "1-3", "label" : "编程开发", "isleaf" : "0", "parentid" : null } ], "name" : "根结点", "orderby" : "1", "id" : "1", "label" : "根结点", "isleaf" : "0", "parentid" : null } ], "name" : null, "orderby" : null, "id" : null, "label" : null, "isleaf" : null, "parentid" : null }, "value" : "{\"isshow\":null,\"children\":[{\"id\":\"1\",\"name\":\"根结点\",\"label\":\"根结点\",\"parentid\":null,\"isshow\":\"1\",\"orderby\":\"1\",\"isleaf\":\"0\",\"children\":[{\"id\":\"1-1\",\"name\":\"前端开发\",\"label\":\"前端开发\",\"parentid\":null,\"isshow\":\"1\",\"orderby\":\"1-1\",\"isleaf\":\"0\",\"children\":[{\"id\":\"1-1-1\",\"name\":\"HTML/CSS\",\"label\":\"HTML/CSS\",\"parentid\":null,\"isshow\":\"1\",\"orderby\":\"1-1-1\",\"isleaf\":\"1\",\"children\":null},{\"id\":\"1-1-2\",\"name\":\"JavaScript\",\"label\":\"JavaScript\",\"parentid\":null,\"isshow\":\"1\",\"orderby\":\"1-1-2\",\"isleaf\":\"1\",\"children\":null},{\"id\":\"1-1-3\",\"name\":\"jQuery\",\"label\":\"jQuery\",\"parentid\":null,\"isshow\":\"1\",\"orderby\":\"1-1-3\",\"isleaf\":\"1\",\"children\":null}]},{\"id\":\"1-2\",\"name\":\"移动开发\",\"label\":\"移动开发\",\"parentid\":null,\"isshow\":\"1\",\"orderby\":\"1-2\",\"isleaf\":\"0\",\"children\":[{\"id\":\"1-2-1\",\"name\":\"微信开发\",\"label\":\"微信开发\",\"parentid\":null,\"isshow\":\"1\",\"orderby\":\"1-2-1\",\"isleaf\":\"1\",\"children\":null},{\"id\":\"1-2-2\",\"name\":\"iOS\",\"label\":\"iOS\",\"parentid\":null,\"isshow\":\"1\",\"orderby\":\"1-2-2\",\"isleaf\":\"1\",\"children\":null}]},{\"id\":\"1-3\",\"name\":\"编程开发\",\"label\":\"编程开发\",\"parentid\":null,\"isshow\":\"1\",\"orderby\":\"1-3\",\"isleaf\":\"0\",\"children\":[]}]}],\"name\":null,\"orderby\":null,\"id\":null,\"label\":null,\"isleaf\":null,\"parentid\":null}" }, { "key" : "course2", "name" : "精品课程2", "value" : "10101" }, { "key" : "course3", "name" : "精品课程3d", "value" : "10101" }, { "key" : "course4", "name" : "精品课程4", "value" : "10101" }, { "key" : "course5", "name" : "精品课程5", "value" : "10101" }, { "key" : "course6", "name" : "精品课程6", "value" : "10101" } ] }
{ "_id" : { "$oid" : "5a7bdd8bd019f1162c63ad32" }, "_class" : "com.xuecheng.framework.domain.cms.CmsConfig", "name" : "分类信息", "model" : [ { "key" : "category1", "name" : "前端开发|移动开发", "url" : "http://localhost:8084/category/list?bIds=1-1,1-2", "mapValue" : { "isshow" : null, "children" : [ { "isshow" : "1", "children" : [ { "isshow" : "1", "children" : [ { "isshow" : "1", "children" : null, "name" : "HTML/CSS", "orderby" : "1-1-1", "id" : "1-1-1", "label" : "HTML/CSS", "isleaf" : "1", "parentid" : null }, { "isshow" : "1", "children" : null, "name" : "JavaScript", "orderby" : "1-1-2", "id" : "1-1-2", "label" : "JavaScript", "isleaf" : "1", "parentid" : null }, { "isshow" : "1", "children" : null, "name" : "jQuery", "orderby" : "1-1-3", "id" : "1-1-3", "label" : "jQuery", "isleaf" : "1", "parentid" : null }, { "isshow" : "1", "children" : null, "name" : "ExtJS", "orderby" : "1-1-4", "id" : "1-1-4", "label" : "ExtJS", "isleaf" : "1", "parentid" : null }, { "isshow" : "1", "children" : null, "name" : "AngularJS", "orderby" : "1-1-5", "id" : "1-1-5", "label" : "AngularJS", "isleaf" : "1", "parentid" : null }, { "isshow" : "1", "children" : null, "name" : "ReactJS", "orderby" : "1-1-6", "id" : "1-1-6", "label" : "ReactJS", "isleaf" : "1", "parentid" : null }, { "isshow" : "1", "children" : null, "name" : "Bootstrap", "orderby" : "1-1-7", "id" : "1-1-7", "label" : "Bootstrap", "isleaf" : "1", "parentid" : null } ], "name" : "前端开发", "orderby" : "1-1", "id" : "1-1", "label" : "前端开发", "isleaf" : "0", "parentid" : null }, { "isshow" : "1", "children" : [ { "isshow" : "1", "children" : null, "name" : "微信开发", "orderby" : "1-2-1", "id" : "1-2-1", "label" : "微信开发", "isleaf" : "1", "parentid" : null }, { "isshow" : "1", "children" : null, "name" : "iOS", "orderby" : "1-2-2", "id" : "1-2-2", "label" : "iOS", "isleaf" : "1", "parentid" : null } ], "name" : "移动开发", "orderby" : "1-2", "id" : "1-2", "label" : "移动开发", "isleaf" : "0", "parentid" : null } ], "name" : "根结点", "orderby" : "1", "id" : "1", "label" : "根结点", "isleaf" : "0", "parentid" : null } ], "name" : null, "orderby" : null, "id" : null, "label" : null, "isleaf" : null, "parentid" : null }, "value" : "{\"isshow\":null,\"children\":[{\"id\":\"1\",\"name\":\"根结点\",\"label\":\"根结点\",\"parentid\":null,\"isshow\":\"1\",\"orderby\":\"1\",\"isleaf\":\"0\",\"children\":[{\"id\":\"1-1\",\"name\":\"前端开发\",\"label\":\"前端开发\",\"parentid\":null,\"isshow\":\"1\",\"orderby\":\"1-1\",\"isleaf\":\"0\",\"children\":[{\"id\":\"1-1-1\",\"name\":\"HTML/CSS\",\"label\":\"HTML/CSS\",\"parentid\":null,\"isshow\":\"1\",\"orderby\":\"1-1-1\",\"isleaf\":\"1\",\"children\":null},{\"id\":\"1-1-2\",\"name\":\"JavaScript\",\"label\":\"JavaScript\",\"parentid\":null,\"isshow\":\"1\",\"orderby\":\"1-1-2\",\"isleaf\":\"1\",\"children\":null},{\"id\":\"1-1-3\",\"name\":\"jQuery\",\"label\":\"jQuery\",\"parentid\":null,\"isshow\":\"1\",\"orderby\":\"1-1-3\",\"isleaf\":\"1\",\"children\":null},{\"id\":\"1-1-4\",\"name\":\"ExtJS\",\"label\":\"ExtJS\",\"parentid\":null,\"isshow\":\"1\",\"orderby\":\"1-1-4\",\"isleaf\":\"1\",\"children\":null},{\"id\":\"1-1-5\",\"name\":\"AngularJS\",\"label\":\"AngularJS\",\"parentid\":null,\"isshow\":\"1\",\"orderby\":\"1-1-5\",\"isleaf\":\"1\",\"children\":null},{\"id\":\"1-1-6\",\"name\":\"ReactJS\",\"label\":\"ReactJS\",\"parentid\":null,\"isshow\":\"1\",\"orderby\":\"1-1-6\",\"isleaf\":\"1\",\"children\":null},{\"id\":\"1-1-7\",\"name\":\"Bootstrap\",\"label\":\"Bootstrap\",\"parentid\":null,\"isshow\":\"1\",\"orderby\":\"1-1-7\",\"isleaf\":\"1\",\"children\":null}]},{\"id\":\"1-2\",\"name\":\"移动开发\",\"label\":\"移动开发\",\"parentid\":null,\"isshow\":\"1\",\"orderby\":\"1-2\",\"isleaf\":\"0\",\"children\":[{\"id\":\"1-2-1\",\"name\":\"微信开发\",\"label\":\"微信开发\",\"parentid\":null,\"isshow\":\"1\",\"orderby\":\"1-2-1\",\"isleaf\":\"1\",\"children\":null},{\"id\":\"1-2-2\",\"name\":\"iOS\",\"label\":\"iOS\",\"parentid\":null,\"isshow\":\"1\",\"orderby\":\"1-2-2\",\"isleaf\":\"1\",\"children\":null}]}]}],\"name\":null,\"orderby\":null,\"id\":null,\"label\":null,\"isleaf\":null,\"parentid\":null}" }, { "key" : "category2", "name" : "编程开发|数据库", "value" : "" }, { "key" : "category3", "name" : "人工智能", "value" : "" }, { "key" : "category4", "name" : "大数据|云计算", "value" : "" }, { "key" : "category5", "name" : "UI设计", "value" : "" }, { "key" : "category6", "name" : "游戏开发", "value" : "" }, { "key" : "category7", "name" : "智能硬件|物联网", "value" : "" }, { "key" : "category8", "name" : "研发管理|系统运维", "value" : "" }, { "key" : "category9", "name" : "产品经理|网络营销", "value" : "" }, { "key" : "category10", "name" : "办公|信息安全", "value" : "" } ] }
