{ "_id" : { "$oid" : "5a754adf6abb500ad05688d9" }, "_class" : "com.xuecheng.framework.domain.cms.CmsPage", "siteId" : "5a751fab6abb5044e0d19ea1", "pageName" : "index.html", "pageAliase" : "首页", "pageWebPath" : "/index.html", "pagePhysicalPath" : "F:\\develop\\xc_portal_static\\", "pageType" : "0", "pageCreateTime" : { "$date" : "2018-02-03T05:37:53.256+0000" }, "templateId" : "5a962b52b00ffc514038faf7", "htmlFileId" : "5a7c1c54d019f14d90a1fb23" }
{ "_id" : { "$oid" : "5a795ac7dd573c04508f3a56" }, "_class" : "com.xuecheng.framework.domain.cms.CmsPage", "siteId" : "5a751fab6abb5044e0d19ea1", "pageName" : "index_banner.html", "pageAliase" : "轮播图", "pageWebPath" : "/include/index_banner.html", "pagePhysicalPath" : "F:\\develop\\xc_portal_static\\include\\", "pageType" : "0", "pageCreateTime" : { "$date" : "2018-02-06T07:34:21.255+0000" }, "templateId" : "5a962bf8b00ffc514038fafa", "htmlFileId" : "5a795bbcdd573c04508f3a59" }
{ "_id" : { "$oid" : "5a7be667d019f14d90a1fb1c" }, "_class" : "com.xuecheng.framework.domain.cms.CmsPage", "siteId" : "5a751fab6abb5044e0d19ea1", "pageName" : "index_category.html", "pageAliase" : "分类导航", "pageWebPath" : "/include/index_category.html", "pagePhysicalPath" : "F:\\develop\\xc_portal_static\\include\\", "pageType" : "0", "pageCreateTime" : { "$date" : "2018-02-08T05:55:07.590+0000" }, "templateId" : "5a962c16b00ffc514038fafd", "htmlFileId" : "5a7be8e4d019f14d90a1fb21" }
{ "_id" : { "$oid" : "5a92141cb00ffc5a448ff1a0" }, "_class" : "com.xuecheng.framework.domain.cms.CmsPage", "siteId" : "5a751fab6abb5044e0d19ea1", "pageName" : "10101.html", "pageAliase" : "课程详情页面", "pageWebPath" : "/course/", "pagePhysicalPath" : "F:\\develop\\xc_portal_static\\course\\detail\\", "pageType" : "1", "pageCreateTime" : { "$date" : "2018-02-25T01:37:25.974+0000" }, "templateId" : "5a925be7b00ffc4b3c1578b5", "pageParams" : [ { "pageParamName" : "courseid", "pageParamValue" : "4028e581617f945f01617f9dabc40000" } ], "htmlFileId" : "5a94d6c6b00ffc3ab4bfa4f4" }
{ "_id" : { "$oid" : "5a94d79cb00ffc3ab4bfa4f6" }, "_class" : "com.xuecheng.framework.domain.cms.CmsPage", "siteId" : "5a751fab6abb5044e0d19ea1", "pageName" : "4028e581617f945f01617f9dabc40000.html", "pageAliase" : "课程详情页面", "pageWebPath" : "/course/", "pagePhysicalPath" : "F:\\develop\\xc_portal_static\\course\\detail\\", "pageType" : "1", "pageCreateTime" : { "$date" : "2018-02-27T03:59:21.353+0000" }, "templateId" : "5a925be7b00ffc4b3c1578b5", "pageParams" : [ { "pageParamName" : "courseid", "pageParamValue" : "4028e581617f945f01617f9dabc40000" } ], "htmlFileId" : "5aed94530e66185b64804c12" }
{ "_id" : { "$oid" : "5a96114fb00ffc4b44f63e06" }, "_class" : "com.xuecheng.framework.domain.cms.CmsPage", "siteId" : "5a751fab6abb5044e0d19ea1", "pageName" : "4028e58161bcf7f40161bcf8b77c0000.html", "pageAliase" : "课程详情页面", "pageWebPath" : "/course/", "pagePhysicalPath" : "F:\\develop\\xc_portal_static\\course\\detail\\", "pageType" : "1", "pageCreateTime" : { "$date" : "2018-02-28T02:17:45.785+0000" }, "templateId" : "5a925be7b00ffc4b3c1578b5", "pageParams" : [ { "pageParamName" : "courseid", "pageParamValue" : "4028e58161bcf7f40161bcf8b77c0000" } ], "htmlFileId" : "5a962a07b00ffc514038faef" }
{ "_id" : { "$oid" : "5a961ff6b00ffc5a9cdebaea" }, "_class" : "com.xuecheng.framework.domain.cms.CmsPage", "siteId" : "5a751fab6abb5044e0d19ea1", "pageName" : "4028e58161bd22e60161bd23672a0001.html", "pageAliase" : "课程详情页面", "pageWebPath" : "/course/", "pagePhysicalPath" : "F:\\develop\\xc_portal_static\\course\\detail\\", "pageType" : "1", "pageCreateTime" : { "$date" : "2018-02-28T03:20:20.988+0000" }, "templateId" : "5a925be7b00ffc4b3c1578b5", "pageParams" : [ { "pageParamName" : "courseid", "pageParamValue" : "4028e58161bd22e60161bd23672a0001" } ], "htmlFileId" : "5a962a0eb00ffc514038faf1" }
{ "_id" : { "$oid" : "5a9620b9b00ffc5a9cdebaed" }, "_class" : "com.xuecheng.framework.domain.cms.CmsPage", "siteId" : "5a751fab6abb5044e0d19ea1", "pageName" : "4028e58161bd3b380161bd3bcd2f0000.html", "pageAliase" : "课程详情页面", "pageWebPath" : "/course/", "pagePhysicalPath" : "F:\\develop\\xc_portal_static\\course\\detail\\", "pageType" : "1", "pageCreateTime" : { "$date" : "2018-02-28T03:28:02.459+0000" }, "templateId" : "5a925be7b00ffc4b3c1578b5", "pageParams" : [ { "pageParamName" : "courseid", "pageParamValue" : "4028e58161bd3b380161bd3bcd2f0000" } ], "htmlFileId" : "5afc0e250e661870603bc0ed" }
{ "_id" : { "$oid" : "5abefd525b05aa293098fca6" }, "_class" : "com.xuecheng.framework.domain.cms.CmsPage", "siteId" : "5a751fab6abb5044e0d19ea1", "pageName" : "index2.html", "pageAliase" : "ccc", "pageWebPath" : "//fdsfs", "pageParameter" : "", "pagePhysicalPath" : "d:/html/", "pageType" : "1", "pageCreateTime" : { "$date" : "2018-03-31T03:14:49.771+0000" }, "templateId" : "5abf57965b05aa2ebcfce6d1", "htmlFileId" : "5abf5ce45b05aa073c7e5172", "dataUrl" : "http://localhost:31001/cms/user/get/1" }
{ "_id" : { "$oid" : "5ad92e9068db52404cad0f79" }, "_class" : "com.xuecheng.framework.domain.cms.CmsPage", "siteId" : "5a751fab6abb5044e0d19ea1", "pageName" : "preview_402885816243d2dd016243f24c030002.html", "pageAliase" : "课程预览页面", "pageWebPath" : "/coursepre/", "pagePhysicalPath" : "F:/eduprojects/xc-edu-snapshotv1.0/xc-ui-pc-static-portal/course/preview/", "pageType" : "1", "pageCreateTime" : { "$date" : "2018-05-26T08:49:27.909+0000" }, "templateId" : "5aec5dd70e661808240ab7a6", "htmlFileId" : "5b091f97c5e9b7070c94a2bb", "dataUrl" : "http://localhost:40200/portalview/course/getpre/402885816243d2dd016243f24c030002" }
{ "_id" : { "$oid" : "5ad92f5468db52404cad0f7c" }, "_class" : "com.xuecheng.framework.domain.cms.CmsPage", "siteId" : "5a751fab6abb5044e0d19ea1", "pageName" : "402885816243d2dd016243f24c030002.html", "pageAliase" : "课程详情页面", "pageWebPath" : "/course/", "pagePhysicalPath" : "F:/eduprojects/xc-edu-snapshotv1.0/xc-ui-pc-static-portal/course/detail/", "pageType" : "1", "pageCreateTime" : { "$date" : "2018-05-26T08:49:33.332+0000" }, "templateId" : "5aec5dd70e661808240ab7a6", "htmlFileId" : "5b091f97c5e9b7070c94a2bb" }
{ "_id" : { "$oid" : "5ad94b9168db5243ec846e8e" }, "_class" : "com.xuecheng.framework.domain.cms.CmsPage", "siteId" : "5a751fab6abb5044e0d19ea1", "pageName" : "preview_4028858162e0bc0a0162e0bfdf1a0000.html", "pageAliase" : "课程预览页面", "pageWebPath" : "/coursepre/", "pagePhysicalPath" : "F:\\develop\\xc_portal_static\\course\\preview\\", "pageType" : "1", "pageCreateTime" : { "$date" : "2018-04-20T02:08:17.621+0000" }, "templateId" : "5a925be7b00ffc4b3c1578b5", "htmlFileId" : "5ad94b9168db5243ec846e8f", "dataUrl" : "http://localhost:40200/portalview/course/get/4028858162e0bc0a0162e0bfdf1a0000" }
{ "_id" : { "$oid" : "5ad94ba368db5243ec846e91" }, "_class" : "com.xuecheng.framework.domain.cms.CmsPage", "siteId" : "5a751fab6abb5044e0d19ea1", "pageName" : "4028858162e0bc0a0162e0bfdf1a0000.html", "pageAliase" : "课程详情页面", "pageWebPath" : "/course/", "pagePhysicalPath" : "F:\\develop\\xc_portal_static\\course\\detail\\", "pageType" : "1", "pageCreateTime" : { "$date" : "2018-04-20T02:08:35.601+0000" }, "templateId" : "5a925be7b00ffc4b3c1578b5", "htmlFileId" : "5ad94b9168db5243ec846e8f" }
{ "_id" : { "$oid" : "5ad99fb768db523ef42cd02d" }, "_class" : "com.xuecheng.framework.domain.cms.CmsPage", "siteId" : "5a751fab6abb5044e0d19ea1", "pageName" : "preview_123.html", "pageAliase" : "课程预览页面", "pageWebPath" : "/coursepre/", "pagePhysicalPath" : "F:\\\\develop\\\\xc_portal_static\\\\course\\\\preview\\\\", "pageType" : "1", "pageCreateTime" : { "$date" : "2018-04-20T08:07:17.866+0000" }, "templateId" : "5ad9a24d68db5239b8fef199", "htmlFileId" : "5ada955f68db524a909d30a9", "dataUrl" : "http://localhost:40200/portalview/course/get/123" }
{ "_id" : { "$oid" : "5ada939168db524a909d30a8" }, "_class" : "com.xuecheng.framework.domain.cms.CmsPage", "siteId" : "5a751fab6abb5044e0d19ea1", "pageName" : "preview_297e7c7c62b888f00162b8a7dec20000.html", "pageAliase" : "课程预览页面", "pageWebPath" : "/coursepre/", "pagePhysicalPath" : "F:\\\\develop\\\\xc_portal_static\\\\course\\\\preview\\\\", "pageType" : "1", "pageCreateTime" : { "$date" : "2018-05-05T11:22:56.021+0000" }, "templateId" : "5aec5dd70e661808240ab7a6", "htmlFileId" : "5aed94100e66185b64804c0f", "dataUrl" : "http://localhost:40200/portalview/course/get/297e7c7c62b888f00162b8a7dec20000" }
{ "_id" : { "$oid" : "5ada97cb68db526124fd79c3" }, "_class" : "com.xuecheng.framework.domain.cms.CmsPage", "siteId" : "5a751fab6abb5044e0d19ea1", "pageName" : "preview_297e7c7c62b888f00162b8a965510001.html", "pageAliase" : "课程预览页面", "pageWebPath" : "/coursepre/", "pagePhysicalPath" : "F:\\\\develop\\\\xc_portal_static\\\\course\\\\preview\\\\", "pageType" : "1", "pageCreateTime" : { "$date" : "2018-04-21T01:45:47.870+0000" }, "templateId" : "5ad9a24d68db5239b8fef199", "htmlFileId" : "5ae061b60e6618560cfde9a9", "dataUrl" : "http://localhost:40200/portalview/course/get/297e7c7c62b888f00162b8a965510001" }
{ "_id" : { "$oid" : "5adaa4d868db526288d3df3b" }, "_class" : "com.xuecheng.framework.domain.cms.CmsPage", "siteId" : "5a751fab6abb5044e0d19ea1", "pageName" : "297e7c7c62b888f00162b8a965510001.html", "pageAliase" : "课程详情页面", "pageWebPath" : "/course/", "pagePhysicalPath" : "F:\\\\develop\\\\xc_portal_static\\\\course\\\\detail\\\\", "pageType" : "1", "pageCreateTime" : { "$date" : "2018-04-21T02:41:28.471+0000" }, "templateId" : "5ad9a24d68db5239b8fef199", "htmlFileId" : "5ae061b60e6618560cfde9a9" }
{ "_id" : { "$oid" : "5ae193170e66183ee06f71c5" }, "_class" : "com.xuecheng.framework.domain.cms.CmsPage", "siteId" : "5a751fab6abb5044e0d19ea1", "pageName" : "297e7c7c62b888f00162b8a7dec20000.html", "pageAliase" : "课程详情页面", "pageWebPath" : "/course/", "pagePhysicalPath" : "F:\\\\develop\\\\xc_portal_static\\\\course\\\\detail\\\\", "pageType" : "1", "pageCreateTime" : { "$date" : "2018-04-26T08:51:35.312+0000" }, "templateId" : "5ad9a24d68db5239b8fef199", "htmlFileId" : "5ae192fa0e66183ee06f71c3" }
{ "_id" : { "$oid" : "5ae1973b0e6618644cd7a6fa" }, "_class" : "com.xuecheng.framework.domain.cms.CmsPage", "siteId" : "5a751fab6abb5044e0d19ea1", "pageName" : "preview_297e7c7c62b8aa9d0162b8ab13910000.html", "pageAliase" : "课程预览页面", "pageWebPath" : "/coursepre/", "pagePhysicalPath" : "F:\\\\develop\\\\xc_portal_static\\\\course\\\\preview\\\\", "pageType" : "1", "pageCreateTime" : { "$date" : "2018-04-26T09:09:15.212+0000" }, "templateId" : "5ad9a24d68db5239b8fef199", "htmlFileId" : "5ae1973b0e6618644cd7a6fb", "dataUrl" : "http://localhost:40200/portalview/course/get/297e7c7c62b8aa9d0162b8ab13910000" }
{ "_id" : { "$oid" : "5ae1979f0e6618644cd7a6fd" }, "_class" : "com.xuecheng.framework.domain.cms.CmsPage", "siteId" : "5a751fab6abb5044e0d19ea1", "pageName" : "297e7c7c62b8aa9d0162b8ab13910000.html", "pageAliase" : "课程详情页面", "pageWebPath" : "/course/", "pagePhysicalPath" : "F:\\\\develop\\\\xc_portal_static\\\\course\\\\detail\\\\", "pageType" : "1", "pageCreateTime" : { "$date" : "2018-04-26T09:10:55.612+0000" }, "templateId" : "5ad9a24d68db5239b8fef199", "htmlFileId" : "5ae1973b0e6618644cd7a6fb" }
{ "_id" : { "$oid" : "5aed94530e66185b64804c11" }, "_class" : "com.xuecheng.framework.domain.cms.CmsPage", "siteId" : "5a751fab6abb5044e0d19ea1", "pageName" : "preview_4028e581617f945f01617f9dabc40000.html", "pageAliase" : "课程预览页面", "pageWebPath" : "/coursepre/", "pagePhysicalPath" : "F:\\\\develop\\\\xc_portal_static\\\\course\\\\preview\\\\", "pageType" : "1", "pageCreateTime" : { "$date" : "2018-05-05T11:24:03.619+0000" }, "templateId" : "5aec5dd70e661808240ab7a6", "htmlFileId" : "5aed94530e66185b64804c12", "dataUrl" : "http://localhost:40200/portalview/course/get/4028e581617f945f01617f9dabc40000" }
{ "_id" : { "$oid" : "5af942190e661827d8e2f5e3" }, "_class" : "com.xuecheng.framework.domain.cms.CmsPage", "siteId" : "5a751fab6abb5044e0d19ea1", "pageName" : "preview_4028e58161bd3b380161bd3bcd2f0000.html", "pageAliase" : "课程预览页面", "pageWebPath" : "/coursepre/", "pagePhysicalPath" : "F:\\\\develop\\\\xc_portal_static\\\\course\\\\preview\\\\", "pageType" : "1", "pageCreateTime" : { "$date" : "2018-05-16T10:55:33.276+0000" }, "templateId" : "5aec5dd70e661808240ab7a6", "htmlFileId" : "5afc0e250e661870603bc0ed", "dataUrl" : "http://localhost:40200/portalview/course/getpre/4028e58161bd3b380161bd3bcd2f0000" }
